{"Mobile": {"Others Mobile & Tablet": 35, "Smartfren": 53, "Infinix": 40, "Brandcode": 39, "Icherry": 52, "Advan": 45, "Iphone": 31, "Realme": 51, "Motorola": 49, "Maxtron": 56, "Nokia": 38, "Xiaomi": 34, "Mito": 46, "Sony": 33, "SPC": 57, "Lenovo": 37, "Alcatel": 55, "Samsung": 32, "Vivo": 42, "Evercoss": 44, "Strawberry": 50, "Blackberry": 36, "Asus": 43, "Honor": 54, "Oppo": 41, "Huawei": 47, "Sharp": 48}, "Fashion": {"Wedding Dress": 23, "Shirt": 27, "Casual Dress": 18, "Maxi Dress": 20, "Big Size Dress": 24, "Bodycon Dress": 22, "Party Dress": 19, "Blouse\u00a0": 26, "Tshirt": 25, "Crop Top ": 29, "Tanktop": 28, "Others": 17, "A Line Dress": 21, "Big Size Top": 30}, "Beauty": {"Foundation": 1, "Face Palette": 0, "Concealer": 7, "Lip Gloss": 14, "Blush On": 2, "Highlighter": 8, "BB & CC Cream": 5, "Other Face Cosmetics": 4, "Lip Tint": 13, "Bronzer": 11, "Lip Liner": 15, "Powder": 3, "Setting Spray": 10, "Primer": 9, "Contour": 6, "Other Lip Cosmetics": 16, "Lipstick": 12}}